shoppingmall_name,state
Antelope Valley Mall – Palmdale – (1990),California
Arden Fair – Sacramento – (1957),California
Beverly Center – Los Angeles – (1982),California
Brea Mall – Brea – (1977),California
"(3) Del Amo Fashion Center – Torrance – 2,100,000 sq ft (200,000 m2) – (1961)",California
Fashion Fair – Fresno – (1970),California
Galleria at Tyler – Riverside – (1970),California
"(6) Glendale Galleria – Glendale – 1,600,000 sq ft (150,000 m2) – (1976)",California
Hillsdale Shopping Center – San Mateo – (1954),California
Inland Center – San Bernardino – (1966),California
"(4) Lakewood Center – Lakewood – 2,092,700 sq ft (194,420 m2) (1951)",California
Los Cerritos Center – Cerritos – (1971),California
MainPlace Mall – Santa Ana – (1987),California
Montclair Plaza – Montclair – (1968),California
Moreno Valley Mall – Moreno Valley – (1992),California
"NewPark Mall – Newark, California – (1980)",California
Northridge Fashion Center – Northridge – (1971),California
The Oaks – Thousand Oaks – (1978),California
Pacific View Mall – Ventura – (1964),California
Promenade Temecula – Temecula – (1999),California
Santa Rosa Plaza – Santa Rosa – (1983),California
The Shoppes at Carlsbad – Carlsbad – (1969),California
The Shops at Mission Viejo – Mission Viejo – (1979),California
The Shops at Montebello – Montebello – (1985),California
Solano Town Center – Fairfield – (1981),California
"(1) South Coast Plaza – Costa Mesa – 2,800,000 sq ft (260,000 m2) – (1967)",California
Stoneridge Shopping Center – Pleasanton – (1980),California
Stonestown Galleria – San Francisco – (1952),California
Stonewood Center – Downey – (1958),California
Sunvalley Shopping Center – Concord – (1967),California
Valley Plaza Mall – Bakersfield – (1967),California
Vintage Faire Mall – Modesto – (1977),California
"Westfield Culver City – Culver City, California – (1977)",California
Westfield Fashion Square – Sherman Oaks – (1962),California
"(10) Westfield Galleria at Roseville – Roseville – 1,336,009 sq ft (124,119.3 m2) – (2000)",California
Westfield North County – Escondido – (1986),California
Westfield Oakridge – San Jose – (1971),California
Westfield Palm Desert – Palm Desert – (1982),California
Westfield Plaza Bonita – National City – (1981),California
"(7) Westfield San Francisco Centre – San Francisco – 1,564,533 sq ft (145,349.9 m2) – (1988)",California
Westfield Santa Anita – Arcadia – (1974),California
Westfield Topanga – Canoga Park – (1964),California
Westfield Valencia Town Center – Santa Clarita – (1992),California
"(2) Westfield Valley Fair – San Jose – 2,200,000 sq ft (200,000 m2) – (1986)",California
Anaheim GardenWalk – Anaheim,California
Blackhawk Plaza – Danville,California
Broadway Plaza – Walnut Creek,California
"Chula Vista Center – Chula Vista, California",California
City Center Bishop Ranch – San Ramon,California
The Commons at Calabasas – Calabasas,California
Del Monte Center – Monterey,California
Downtown Commons – Sacramento,California
Downtown Disney – Anaheim – (2001),California
Fashion Island – Newport Beach – (1961),California
"(5) Fashion Valley – San Diego – 1,726,000 sq ft (160,400 m2) – (1969)",California
FIGat7th – Los Angeles,California
Fig Garden Village – Fresno,California
The Forum at Carlsbad – Carlsbad,California
The Fountains at Roseville – Roseville,California
The Gardens on El Paseo – Palm Desert,California
Ghiradelli Square – San Francisco,California
Grossmont Center – La Mesa,California
The Grove at Farmers Market – Los Angeles,California
Irvine Spectrum Center – Irvine,California
La Cumbre Plaza – Santa Barbara,California
Malibu Country Mart – Malibu,California
"Malibu Lumber Yard – Malibu, California",California
One Paseo – San Diego,California
Otay Ranch Town Center – Chula Vista,California
"Pacific City – Huntington Beach, California",California
The Palladio at Broadstone – Folsom,California
Paseo Colorado – Pasadena,California
Paseo Nuevo – Santa Barbara,California
Plaza El Segundo – El Segundo,California
The Point – El Segundo,California
The Promenade at Westlake – Westlake Village,California
Promenade on the Peninsula – Rolling Hills Estates,California
The River at Rancho Mirage – Rancho Mirage,California
Santa Monica Place – Santa Monica,California
The Shops at River Park – Fresno,California
Simi Valley Town Center – Simi Valley – (2005),California
"(8) Stanford Shopping Center – Palo Alto – 1,400,000 sq ft (130,000 m2) – (1955)",California
Town Center at Corte Madera – Corte Madera,California
The Village at Corte Madera – Corte Madera,California
Westfield Century City – Los Angeles – (1964),California
Westfield Mission Valley – San Diego – (1961),California
Westfield UTC – San Diego – (1977),California
Country Club Mall - La Vale,Maryland
Arundel Mills - Hanover,Maryland
Marley Station Mall - Glen Burnie,Maryland
Westfield Annapolis - Annapolis,Maryland
Harborplace,Maryland
Mondawmin Mall,Maryland
Reisterstown Road Plaza,Maryland
The Rotunda,Maryland
Eastpoint Mall - Dundalk,Maryland
Security Square Mall - Woodlawn,Maryland
The Shops at Kenilworth - Towson,Maryland
Towson Square,Maryland
Towson Town Center,Maryland
White Marsh Mall - White Marsh,Maryland
TownMall of Westminster,Maryland
St. Charles Towne Center - St. Charles (Waldorf),Maryland
Francis Scott Key Mall - Frederick,Maryland
Harford Mall - Bel Air,Maryland
The Mall in Columbia - Columbia,Maryland
Savage Mill - Savage,Maryland
Clarksburg Premium Outlets,Maryland
Ellsworth Place - Silver Spring,Maryland
Lakeforest Mall - Gaithersburg,Maryland
Westfield Montgomery - Bethesda,Maryland
Westfield Wheaton - Wheaton,Maryland
Beltway Plaza Mall - Greenbelt,Maryland
The Boulevard at the Capital Centre - Landover,Maryland
Bowie Town Center - Bowie,Maryland
The Centre at Forestville - Forestville,Maryland
The Shops at Iverson - Hillcrest Heights,Maryland
The Mall at Prince Georges - Hyattsville,Maryland
Queenstown Premium Outlets,Maryland
Hagerstown Premium Outlets - Hagerstown,Maryland
Valley Mall - Hagerstown,Maryland
The Centre at Salisbury,Maryland
Tanger Outlets Ocean City,Maryland
Lakeside Mall,Michigan
,Michigan
Briarwood Mall,Michigan
,Michigan
Oakland Mall,Michigan
Macomb Mall,Michigan
Southland Center,Michigan
Eastland Center,Michigan
Westland Center,Michigan
Mall at Partridge Creek,Michigan
,Michigan
Laurel Park Place,Michigan
,Michigan
Village of Rochester Hills,Michigan
,Michigan
Renaissance Center,Michigan
,Michigan
The Mall of Monroe,Michigan
Adrian Mall,Michigan
Green Oak Village Place,Michigan
,Michigan
Gateway Marketplace,Michigan
(approved),Michigan
Universal Mall,Michigan
Arborland Center,Michigan
,Michigan
Livonia Marketplace,Michigan
,Michigan
Twelve Mile Crossing at Fountain Walk,Michigan
Tel-Twelve Mall,Michigan
,Michigan
Novi Town Center,Michigan
,Michigan
Brighton Mall,Michigan
,Michigan
Southgate Shopping Center,Michigan
,Michigan
Westborn Mall,Michigan
,Michigan
Woodbridge Center,New Jersey
Willowbrook Mall,New Jersey
Voorhees Town Center,New Jersey
The Shops at Riverside,New Jersey
The Quarter at Tropicana,New Jersey
The Outlets at Bergen Town Center,New Jersey
The Mills at Jersey Gardens,New Jersey
The Mall at Short Hills,New Jersey
Rockaway Townsquare,New Jersey
Quaker Bridge Mall,New Jersey
Playground Pier,New Jersey
Paramus Park,New Jersey
Ocean County Mall,New Jersey
Newport Centre,New Jersey
Moorestown Mall,New Jersey
,New Jersey
Monmouth Mall,New Jersey
Menlo Park Mall,New Jersey
MarketFair Mall,New Jersey
Livingston Mall,New Jersey
Hudson Mall,New Jersey
Hamilton Mall,New Jersey
Garden State Plaza,New Jersey
Freehold Raceway Mall,New Jersey
Deptford Mall,New Jersey
Cumberland Mall,New Jersey
Cherry Hill Mall,New Jersey
Center City Mall,New Jersey
Brunswick Square,New Jersey
Bridgewater Commons,New Jersey
American Dream Meadowlands,New Jersey
Bridgewater Promenade,New Jersey
Bridgewater Town Centre,New Jersey
The Shoppes at Cinnaminson,New Jersey
Flemington Marketplace,New Jersey
Forrestal Village,New Jersey
Garwood Mall,New Jersey
,New Jersey
ITC Crossing South,New Jersey
The Shops at Ledgewood Commons,New Jersey
The Mall at Mill Creek,New Jersey
The Mall at Wild Geese,New Jersey
,New Jersey
Manalapan EpiCentre,New Jersey
The Marketplace At Brick,New Jersey
Mercer Mall,New Jersey
Middlesex Mall,New Jersey
Roxbury Mall,New Jersey
Streets of Chester,New Jersey
Nassau Park Pavilion,New Jersey
Princeton Shopping Center,New Jersey
The Promenade at Sagemore,New Jersey
Seacourt Pavilion,New Jersey
Troy Hills Plaza,New Jersey
Wharton Mall,New Jersey
,New Jersey
Willingboro Town Center,New Jersey
Dallas Midtown,Texas
Galleria Dallas,Texas
Golden Triangle Mall,Texas
Grapevine Mills,Texas
Hulen Mall,Texas
Irving Mall,Texas
La Gran Plaza de Fort Worth,Texas
Music City Mall,Texas
North East Mall,Texas
NorthPark Center,Texas
Ridgmar Mall,Texas
Southlake Town Square,Texas
Southwest Center Mall,Texas
Stonebriar Centre,Texas
The Parks at Arlington (Parks Mall),Texas
The Shops at Willow Bend,Texas
Town East Mall,Texas
The Galleria,Texas
Memorial City Mall,Texas
Willowbrook Mall,Texas
The Woodlands Mall,Texas
Greenspoint Mall,Texas
Deerbrook Mall,Texas
Baybrook Mall,Texas
Katy Mills,Texas
San Jacinto Mall,Texas
First Colony Mall,Texas
Pearland Town Center,Texas
West Oaks Mall,Texas
PlazAmericas formerly known as Sharpstown Mall,Texas
Almeda Mall,Texas
Brazos Mall,Texas
Bassett Place - El Paso,Texas
Cielo Vista Mall - El Paso,Texas
Las Palmas Marketplace - El Paso,Texas
Sunland Park Mall - El Paso,Texas
The Fountains at Farah - El Paso,Texas
The Outlet Shoppes at El Paso - El Paso,Texas
La Palmera - Corpus Christi,Texas
Sunrise Mall - Corpus Christi,Texas
Sunrise Mall - Brownsville,Texas
Amigoland Mall - Brownsville,Texas
Valle Vista Mall - Harlingen,Texas
La Plaza Mall - McAllen,Texas
Rio Grande Valley Premium Outlets - Mercedes,Texas
Killeen Mall - Killeen,Texas
Temple Mall - Temple,Texas
Midland Park Mall - Midland[24],Texas
Music City Mall - Odessa,Texas
Central Mall - Port Arthur,Texas
Parkdale Mall - Beaumont,Texas
* 5th Avenue Mall, Alaska
* Bentley Mall, Alaska
* Dimond Center, Alaska
* Arizona Mills, Arizona
* Arrowhead Towne Center, Arizona
* Biltmore Fashion Park, Arizona
* Chandler Fashion Center, Arizona
* Christown Spectrum Mall, Arizona
* Desert Ridge Marketplace, Arizona
* Desert Sky Mall, Arizona
* El Con Mall, Arizona
* Estrella Falls, Arizona
* Fiesta Mall, Arizona
* Foothills Mall (Arizona)|Foothills Mall, Arizona
* Kierland Commons, Arizona
* La Encantada (shopping center)|La Encantada, Arizona
* Los Arcos Mall, Arizona
* The Mall at Sierra Vista|Mall at Sierra Vista, Arizona
* Mesa Riverview, Arizona
* Metrocenter (Phoenix, Phoenix
* Paradise Valley Mall, Arizona
* Park Place (Tucson, Tucson
* SanTan Village, Arizona
* Scottsdale Fashion Square, Arizona
* Superstition Springs Center, Arizona
* Tanger Outlets, Arizona
* Tempe Marketplace, Arizona
* Tri City Mall, Arizona
* Tucson Mall, Arizona
* Central Mall (Fort Smith, Fort Smith
* Indian Mall, Arkansas
* The Mall at Turtle Creek|Mall at Turtle Creek, Arkansas
* McCain Mall, Arkansas
* Northwest Arkansas Mall, Arkansas
* Park Plaza Mall, Arkansas
* Pavilion in the Park, Arkansas
* Pinnacle Hills Promenade, Arkansas
* University Mall (Little Rock, Little Rock
* Belmar (Lakewood)|Belmar, Colorado
* Chapel Hills Mall, Colorado
* Cherry Creek Shopping Center, Colorado
* The Citadel (mall)|The Citadel, Colorado
* Colorado Mills, Colorado
* Flatiron Crossing Mall, Colorado
* Mesa Mall, Colorado
* Northfield Stapleton, Colorado
* Park Meadows, Colorado
* Southlands (Aurora, Aurora
* Southwest Plaza, Colorado
* Streets at Southglenn, Colorado
* Town Center at Aurora, Colorado
* Twenty Ninth Street (Boulder)|Twenty Ninth Street, Colorado
* Westminster Mall (Colorado)|Westminster Mall, Colorado
* Blue Back Square, Connecticut
* Brass Mill Center, Connecticut
* Chapel Square Mall, Connecticut
* Connecticut Post Mall, Connecticut
* Crystal Mall (Connecticut)|Crystal Mall, Connecticut
* Danbury Fair (shopping mall)|Danbury Fair, Connecticut
* East Brook Mall, Connecticut
* Enfield Square, Connecticut
* The Shoppes at Buckland Hills|Shoppes at Buckland Hills, Connecticut
* The SoNo Collection|SoNo Collection, Connecticut
* Stamford Town Center, Connecticut
* Westfarms Mall, Connecticut
* Westfield Meriden, Connecticut
* Westfield Trumbull, Connecticut
* Christiana Mall, Delaware
* Concord Mall (Delaware)|Concord Mall, Delaware
* Dover Mall, Delaware
* Tri-State Mall, Delaware
* CityCenterDC — Washington,
* DC USA — Washington,
* Georgetown Park — Washington,
* L'Enfant Plaza — Washington,
* Altamonte Mall, Florida
* Aventura Mall, Florida
* The Avenues (shopping mall)|The Avenues, Florida
* Boynton Beach Mall, Florida
* Coastland Center, Florida
* Coconut Point, Florida
* CocoWalk, Florida
* Cordova Mall, Florida
* Crystal River Mall&nbsp;- Crystal River, Florida
* Dolphin Mall, Florida
* Eagle Ridge Mall, Florida
* Edison Mall, Florida
* Festival Bay Mall, Florida
* The Florida Mall|Florida Mall, Florida
* The Gardens Mall|Gardens Mall, Florida
* Governor's Square, Florida
* Gulf Coast Town Center, Florida
* Gulf View Square, Florida
* Indian River Mall, Florida
* International Plaza and Bay Street, Florida
* Lake Square Mall&nbsp;- Leesburg, Florida
* Lakeland Square Mall, Florida
* Lakeshore Mall (Florida)|Lakeshore Mall, Florida
* The Mall at Millenia|Mall at Millenia, Florida
* Mall at University Town Center, Florida
* The Mall at Wellington Green|Mall at Wellington Green, Florida
* Melbourne Square (mall)|Melbourne Square - Melbourne, Florida
* Merritt Square Mall&nbsp;- Merritt Island, Florida
* Midtown DeSoto Square Mall&nbsp;- Bradenton, Florida
* The Oaks Mall (Florida)|The Oaks Mall, Florida
* Ocean Walk Shoppes, Florida
* Orange Park Mall, Florida
* Orlando Fashion Square, Florida
* Oviedo Marketplace, Florida
* Paddock Mall, Florida
* Palm Beach Outlets, Florida
* Pier Park (Florida)|Pier Park, Florida
* Port Charlotte Town Center, Florida
* Regency Square Mall (Jacksonville, Florida
* River City Marketplace, Florida
* Rosemary Square, Florida
* St. Johns Town Center, Florida
* Santa Rosa Mall (Florida)|Santa Rosa Mall, Florida
* Sawgrass Mills, Florida
* Seminole Towne Center, Florida
* Southland Mall (Miami)|Southland Mall, Florida
* Treasure Coast Square, Florida
* Tyrone Square Mall&nbsp;- St. Petersburg, Florida
* University Mall (Tampa, Florida
* Volusia Mall, Florida
* Waterside Shops, Florida
* West Oaks Mall (Ocoee, Florida
* Westfield Brandon, Florida
* Westfield Citrus Park, Florida
* Westfield Countryside, Florida
* Westfield Sarasota Square, Florida
* Westfield Siesta Key, Florida
* Westland Mall (Hialeah)|Westland Mall, Florida
* WestShore Plaza, Florida
* Abercorn Common, Georgia
* Albany Mall, Georgia
* Arbor Place Mall, Georgia
* Atlantic Station, Georgia
* Augusta Mall, Georgia
* Buckhead Atlanta, Georgia
* Cumberland Mall, Georgia
* Gallery at South DeKalb, Georgia
* Georgia Square Mall, Georgia
* Greenbriar Mall, Georgia
* Gwinnett Place Mall, Georgia
* LaGrange Mall, Georgia
* Lakeshore Mall (Georgia)|Lakeshore Mall, Georgia
* Lenox Square, Georgia
* Macon Mall, Georgia
* Mall at Stonecrest, Georgia
* Mall of Georgia, Georgia
* Mount Berry Mall, Georgia
* North DeKalb Mall, Georgia
* North Point Mall, Georgia
* Northlake Mall (Atlanta, Atlanta
* Oglethorpe Mall, Georgia
* Peachtree Mall, Georgia
* Perimeter Mall, Georgia
* Phipps Plaza, Georgia
* Savannah Mall, Georgia
* The Shoppes at River Crossing|Shoppes at River Crossing, Georgia
* Southlake Mall (Atlanta)|Southlake Mall, Georgia
* Sugarloaf Mills, Georgia
* Town Center at Cobb, Georgia
* Union Station (Shannon Mall), Georgia
* Valdosta Mall, Georgia
* The Village at Riverwatch|Village at Riverwatch, Georgia
* Walnut Square Mall, Georgia
* Agana Shopping Center, Hawaii
* Guam Premier Outlets — Tamuning, Hawaii
* Micronesia Mall, Hawaii
*Ala Moana Center, Hawaii
*International Market Place;- Honolulu, Hawaii
*Kahala Mall, Hawaii
*Kukui Grove Center, Hawaii
*Pearlridge, Hawaii
*Prince Kuhio Plaza, Hawaii
*Royal Hawaiian Center;- Honolulu, Hawaii
*Windward Mall&nbsp;- Honolulu, Hawaii
* Boise Towne Square, Idaho
* Grand Teton Mall, Idaho
* Karcher Mall, Idaho
* Magic Valley Mall, Idaho
* Nampa Gateway Center, Idaho
* Palouse Mall, Idaho
* Pine Ridge Mall, Idaho
* Silver Lake Mall, Idaho
* 108 North State Street, Illinois
* 900 North Michigan Shops, Illinois
* Algonquin Commons, Illinois
* Alton Square Mall&nbsp; - Alton, Illinois
* Arlington Town Square, Illinois
* The Arboretum of South Barrington|Arboretum of South Barrington, Illinois
* Belvidere Discount Mall&nbsp;- Waukegan, Illinois
* Charlestowne Mall, Illinois
* Cherryvale Mall, Illinois
* Chicago Place, Illinois
* Chicago Premium Outlets, Illinois
* Chicago Ridge Mall, Illinois
* Countryside Plaza, Illinois
* Cross County Mall (Illinois)|Cross County Mall, Illinois
* Deerbrook Mall (Illinois)|Deerbrook Mall&nbsp;- Deerfield, Illinois
* Deerfield Square&nbsp;- Deerfield, Illinois
* Deer Park Town Center, Illinois
* Eastland Mall (Bloomington, Illinois
* Fashion Outlets of Chicago, Illinois
* Ford City Mall, Illinois
* Fox Valley Mall, Illinois
* Galleria Center, Illinois
* Geneva Commons&nbsp; - Geneva, Illinois
* Golf Mill Shopping Center, Illinois
* Gurnee Mills, Illinois
* Harlem Irving Plaza, Illinois
* Hawthorn Mall, Illinois
* Hickory Point Mall, Illinois
* Illinois Star Centre, Illinois
* James R. Thompson Center, Illinois
* Lakehurst Mall&nbsp;- Waukegan, Illinois
* Lincoln Mall, Illinois
* Lincolnshire Commons, Illinois
* Lincolnwood Town Center, Illinois
* Louis Joliet Mall, Illinois
* Machesney Park Mall, Illinois
* Market Place Shopping Center, Illinois
* Mellody Farm, Illinois
* Navy Pier, Illinois
* North Riverside Park Mall, Illinois
* Northbrook Court, Illinois
* Northfield Square, Illinois
* North Park Plaza, Illinois
* Northwoods Mall (Peoria, Illinois
* Oakbrook Center, Illinois
* Orland Square Mall, Illinois
* Park Forest Plaza&nbsp; - Park Forest, Illinois
* Peru Mall, Illinois
* The Plaza (mall)|The Plaza, Illinois
* Plaza del Lago, Illinois
* The Promenade Bolingbrook, Illinois
* The Quentin Collection|Quentin Collection&nbsp;- Kildeer, Illinois
* Quincy Mall&nbsp;- Quincy, Illinois
* Randhurst Village, Illinois
* Renaissance Place (mall)|Renaissance Place&nbsp;- Highland Park, Illinois
* River Oaks Center, Illinois
* Sandburg Mall, Illinois
* The Shoppes at College Hills|Shoppes at College Hills&nbsp;- Normal, Illinois
* The Shops at North Bridge|Shops at North Bridge, Illinois
* SouthPark Mall (Moline, Illinois
* Spring Hill Mall, Illinois
* St. Clair Square, Illinois
* Stratford Square Mall, Illinois
* Sutton Park Shopping Center, Illinois
* University Mall (Carbondale, Illinois
* Village Mall (Danville, Illinois
* Water Tower Place, Illinois
* Westfield Old Orchard, Illinois
* Westridge Court, Illinois
* White Oaks Mall (Springfield, Illinois
* Woodfield Mall, Illinois
* Yorktown Center, Illinois
* Castleton Square, Illinois
* Century Mall, Indiana
* Circle Centre, Indiana
* Clay Terrace, Indiana
* College Mall, Indiana
* Concord Mall (Indiana)|Concord Mall, Indiana
* Eastland Mall (Evansville, Indiana
* The Fashion Mall at Keystone|Fashion Mall at Keystone, Indiana
* Five Points Mall, Indiana
* Glenbrook Square, Indiana
* Glendale Town Center, Indiana
* Green Tree Mall, Indiana
* Greenwood Park Mall, Indiana
* Hamilton Town Center, Indiana
* Honey Creek Mall, Indiana
* Jefferson Pointe, Indiana
* Kokomo Town Center, Indiana
* Lafayette Square Mall, Indiana
* Markland Mall, Indiana
* Metropolis (mall)|Metropolis, Indiana
* Mounds Mall, Indiana
* Muncie Mall, Indiana
* River Falls Mall, Indiana
* Southlake Mall (Indiana)|Southlake Mall, Indiana
* Tippecanoe Mall, Indiana
* University Park Mall, Indiana
* The Village Shopping Center|Village Shopping Center, Indiana
* Washington Square Mall (Evansville, Indiana
* Washington Square Mall (Indianapolis)|Washington Square Mall, Indiana
* Woodmar Mall&nbsp;- Hammond, Indiana
* Coral Ridge Mall, Iowa
* Crossroads Mall (Waterloo, Iowa
* Jordan Creek Town Center, Iowa
* Kaleidoscope at the Hub, Iowa
* Kennedy Mall, Iowa
* Lindale Mall, Iowa
* Merle Hay Mall, Iowa
* North Grand Mall, Iowa
* NorthPark Mall (Iowa)|NorthPark Mall, Iowa
* Old Capitol Mall, Iowa
* Quincy Place Mall&nbsp;- Ottumwa, Iowa
* Southern Hills Mall, Iowa
* Southridge Mall (Iowa)|Southridge Mall, Iowa
* Valley West Mall, Iowa
* Westdale Mall, Iowa
* The Great Mall of the Great Plains|Great Mall of the Great Plains, Kansas
* Indian Springs Mall, Kansas
* Leavenworth Plaza, Kansas
* Legends Outlets Kansas City, Kansas
* Manhattan Town Center, Kansas
* Metcalf South Shopping Center, Kansas
* Mission Center Mall, Kansas
* Oak Park Mall, Kansas
* Town Center Plaza, Kansas
* Towne East Square, Kansas
* Towne West Square, Kansas
* West Ridge Mall, Kansas
* Ashland Town Center, Kentucky
* Bashford Manor Mall, Kentucky
* Fayette Mall, Kentucky
* Florence Mall (Kentucky)|Florence Mall, Kentucky
* Fourth Street Live!, Kentucky
* Greenwood Mall, Kentucky
* Hamburg Pavilion, Kentucky 
* Jefferson Mall, Kentucky
* Kentucky Oaks Mall, Kentucky
* Kyova Mall, Kentucky
* Lexington Mall, Kentucky
* The Mall at Lexington Green|Mall at Lexington Green, Kentucky
* Mall St. Matthews, Kentucky
* Mid-City Mall, Kentucky
* Middlesboro Mall, Kentucky
* Newport on the Levee, Kentucky
* Outlet Shoppes of the Bluegrass, Kentucky
* Paddock Shops, Kentucky
* South Side Mall (South Williamson, Kentucky
* Towne Square Mall, Kentucky
* Turfland Mall, Kentucky
* Alexandria Mall, Louisiana
* The Esplanade (Kenner, Louisiana
* Jackson Brewery, Louisiana
* Lakeside Shopping Center, Louisiana
* Louisiana Boardwalk, Louisiana
* The Mall at Cortana|Mall at Cortana, Louisiana
* Mall of Acadiana, Louisiana
* Mall of Louisiana, Louisiana
* Mall St. Vincent, Louisiana
* North Shore Square, Louisiana
* Oakwood Center, Louisiana
* Pecanland Mall, Louisiana
* Pierre Bossier Mall, Louisiana
* Prien Lake Mall, Louisiana
* Riverwalk Marketplace, Louisiana
* Southland Mall (Houma, Louisiana
* Aroostook Centre Mall, Maine
* Auburn Mall (Maine)|Auburn Mall, Maine
* Bangor Mall, Maine
* The Maine Mall|Maine Mall, Maine
* Arsenal Yard, Massachusetts
* Assembly Square Marketplace, Massachusetts
* Auburn Mall (Auburn, Massachusetts
* Berkshire Mall (Massachusetts)|Berkshire Mall, Massachusetts
* Burlington Mall (Massachusetts)|Burlington Mall, Massachusetts
* CambridgeSide Galleria, Massachusetts
* Cape Cod Factory Outlet Mall, Massachusetts
* Cape Cod Mall, Massachusetts
* Colony Place, Massachusetts
* Copley Place, Massachusetts
* Dartmouth Mall, Massachusetts
* Eastfield Mall, Massachusetts
* Emerald Square, Massachusetts
* Greendale Mall, Massachusetts
* Hampshire Mall, Massachusetts
* Hanover Mall, Massachusetts
* Holyoke Mall at Ingleside, Massachusetts
* Kingston Collection, Massachusetts
* Liberty Tree Mall, Massachusetts
* The Mall at Whitney Field|Mall at Whitney Field, Massachusetts
* Methuen Mall, Massachusetts
* Mountain Farms Mall, Massachusetts
* Natick Mall, Massachusetts
* New Harbour Mall, Massachusetts
* Northshore Mall, Massachusetts
* Patriot Place, Massachusetts
* Shoppers World (Framingham, Framingham
* The Shoppes at Blackstone Valley|Shoppes at Blackstone Valley, Massachusetts
* Shops at Billerica, Massachusetts
* The Shops at Chestnut Hill|Shops at Chestnut Hill, Massachusetts
* Shops at Prudential Center, Massachusetts
* Silver City Galleria, Massachusetts
* Solomon Pond Mall, Massachusetts
* South Shore Plaza, Massachusetts
* Square One Mall, Massachusetts
* Swansea Mall, Massachusetts
* Westgate Mall (Brockton)|Westgate Mall, Massachusetts
* Worcester Center Galleria, Massachusetts
* Apache Mall, Minnesota
* Burnsville Center, Minnesota
* Calhoun Square, Minnesota
* Crossroads Center (St. Cloud, Minnesota
* Eden Prairie Center, Minnesota
* Gaviidae Common, Minnesota
* Har Mar Mall, Minnesota
* Mall of America, Minnesota
* Maplewood Mall, Minnesota
* Miller Hill Mall, Minnesota
* Nicollet Mall, Minnesota
* Northtown Mall (Blaine, Minnesota
* Ridgedale Center, Minnesota
* River Hills Mall, Minnesota
* Rosedale Center, Minnesota
* Saint Anthony Main, Minnesota
* Arbor Lakes|Shoppes at Arbor Lakes, Minnesota
* Shoppes at Knollwood, Minnesota
* Southdale Center, Minnesota
* Edgewater Mall, Mississippi
* Edgewood Mall, Mississippi
* Mall at Barnes Crossing, Mississippi
* Metrocenter Mall (Jackson, Mississippi
* Northpark Mall (Mississippi)|Northpark Mall, Mississippi
* Outlets of Mississippi, Mississippi
* Southaven Towne Center, Mississippi
* Antioch Crossing, Kansas City
* Bannister Mall, Missouri
* Battlefield Mall, Missouri
* Blue Ridge Crossing, Missouri
* Capital Mall (Missouri)|Capital Mall, Missouri
* Chesterfield Mall, Missouri
* Columbia Mall (Missouri)|Columbia Mall, Missouri
* Country Club Plaza, Missouri
* Crestwood Court, Missouri
* The Crossings at Northwest, Missouri
* Crown Center, Missouri
* Delmar Loop&nbsp;- University City, Missouri
* East Hills Mall, Missouri
* Independence Center, Missouri
* Jamestown Mall, Missouri
* Metro North Mall, Missouri
* Mid Rivers Mall, Missouri
* Northpark Mall (Missouri)|Northpark Mall, Missouri
* Plaza Frontenac, Missouri
* River Roads Mall, Missouri
* Saint Louis Galleria, Missouri
* St. Louis Outlet Mall, Missouri
* St. Louis Union Station, Missouri
* South County Center, Missouri
* Summit Fair, Missouri
* Summit Woods Crossing, Missouri
* Ward Parkway Center, Missouri
* West County Center, Missouri
* West Park Mall, Missouri
* Zona Rosa (Kansas City)|Zona Rosa, Missouri
* Gallatin Valley Mall&nbsp;- Bozeman, Missouri
* Holiday Village Mall, Montana
* Rimrock Mall, Montana
* Southgate Mall (Missoula)|Southgate Mall, Montana
* Conestoga Mall (Grand Island, Nebraska
* Crossroads Mall (Omaha)|Crossroads Mall, Nebraska
* Oak View Mall, Nebraska
* Gateway Mall (Lincoln, Nebraska
* Southroads Mall&nbsp;- Bellevue, Nebraska
* Westroads Mall, Nebraska
* The Boulevard Mall|Boulevard Mall, Nevada
* Downtown Summerlin (shopping center)|Downtown Summerlin, Nevada
* Fashion Show Mall, Nevada
* The Forum Shops at Caesars|Forum Shops at Caesars, Nevada
* Galleria at Sunset, Nevada
* Grand Canal Shoppes, Nevada
* Legends at Sparks Marina, Nevada
* Meadowood Mall, Nevada
* Meadows Mall, Nevada
* Miracle Mile Shops, Nevada
* The Summit (Reno)|The Summit, Nevada
* Town Square (Las Vegas)|Town Square, Nevada
* Mall at Fox Run, New Hampshire
* Mall at Rockingham Park, New Hampshire
* Mall of New Hampshire, New Hampshire
* Merrimack Premium Outlets, New Hampshire
* Pheasant Lane Mall, New Hampshire
* Settlers Green, New Hampshire
* Steeplegate Mall, New Hampshire
* Tanger Outlets, New Hampshire
* ABQ Uptown, New Mexico
* Animas Valley Mall, New Mexico
* Coronado Center, New Mexico
* Cottonwood Mall (Albuquerque, New Mexico
* De Vargas Center&nbsp;- Santa Fe, New Mexico
* Fashion Outlets of Santa Fe, New Mexico
* Mesilla Valley Mall, New Mexico
* North Plains Mall, New Mexico
* Santa Fe Place, New Mexico
* Winrock Town Center, New Mexico
* Americana Manhasset, New York
* Arnot Mall, New York
* Atlantic Terminal (shopping mall)|Atlantic Terminal, New York
* Aviation Mall, New York
* Bay Plaza Shopping Center, New York
* Boulevard Mall, New York
* Broadway Mall|Broadway Commons, New York
* Brookfield Place (New York City)|Brookfield Place&nbsp;- Battery Park City, New York
* Champlain Centre, New York
* Chautauqua Mall, New York
* Clifton Park Center, New York
* Colonie Center, New York
* Colvin Central Plaza, New York
* Crossgates Mall, New York
* Crosstown Plaza (Schenectady, New York
* Destiny USA, New York
* Eastern Hills Mall, New York
* Eastview Mall, New York
* Fashion Outlets of Niagara Falls, New York
* Fingerlakes Mall, New York
* Fulton Mall, New York
* Galleria at Crystal Run, New York
* Galleria at White Plains, New York
* Gateway Center (Brooklyn)|Gateway Center, New York
* Great Northern Mall (New York)|Great Northern Mall, New York
* Green Acres Mall, New York
* Hudson Valley Mall, New York
* Hylan Plaza, New York
* Jefferson Valley Mall, New York
* Kings Plaza, New York
* Kohl's Plaza (Colonie, New York
* Mall at The Source|Lesso Home New York Market, New York
* Lockport Mall, New York
* The Mall at Greece Ridge|Mall at Greece Ridge, New York
* Manhattan Mall, New York
* The Marketplace Mall|Marketplace Mall, New York
* McKinley Mall, New York
* Medley Centre, New York
* Midtown Plaza (Rochester)|Midtown Plaza, New York
* Mohawk Commons (Niskayuna, New York
* Newburgh Mall, New York
* Northway Shopping Center, New York
* Oakdale Mall, New York
* Palisades Center, New York
* Penn-Can Mall, New York
* Poughkeepsie Galleria, New York
* Queens Center, New York
* Roosevelt Field (shopping mall)|Roosevelt Field, New York
* St. Lawrence Centre, New York
* Salmon Run Mall, New York
* Sangertown Square, New York
* Saratoga Mall, New York
* Shoppingtown Mall, New York
* The Shops & Restaurants at Hudson Yards|Shops & Restaurants at Hudson Yards, New York
* The Shops at Columbus Circle|Shops at Columbus Circle, New York
* The Shops at Ithaca Mall|Shops at Ithaca Mall, New York
* The Shops at Nanuet|Shops at Nanuet, New York
* Smith Haven Mall, New York
* The Source at White Plains, New York
* Southside Mall (Oneonta, New York
* Staten Island Mall, New York
* The Summit (Wheatfield, New York
* Viaport Rotterdam, New York
* Walden Galleria, New York
* Walt Whitman Shops, New York
* The Westchester, New York
* Westfield South Shore, New York
* Westfield Sunrise, New York
* Westfield World Trade Center, New York
* Westgate Plaza (Albany, New York
* Wilton Mall, New York
* Woodbury Common Premium Outlets, New York
* Alamance Crossing, North Carolina
* Asheville Mall, North Carolina
* Berkeley Mall, North Carolina
* Biltmore Square Mall, North Carolina
* Burlington Outlet Village, North Carolina
* Carolina Mall, North Carolina
* Carolina Place Mall, North Carolina
* Cary Towne Center, North Carolina
* Concord Mills, North Carolina
* Crabtree Valley Mall, North Carolina
* Cross Creek Mall, North Carolina
* Eastland Mall (Charlotte, North Carolina
* Eastridge Mall (Gastonia)|Eastridge Mall, North Carolina
* Four Seasons Town Centre, North Carolina
* Friendly Center, North Carolina
* Golden East Crossing, North Carolina
* Greenville Mall, North Carolina
* Hanes Mall, North Carolina
* Holly Hill Mall and Business Center, North Carolina
* Independence Mall (North Carolina)|Independence Mall, North Carolina
* Jacksonville Mall, North Carolina
* Marketplace Mall (Winston-Salem)|Marketplace Mall, North Carolina
* Mayberry Mall, North Carolina
* Monroe Crossing, North Carolina
* New Bern Mall, North Carolina
* North Hills (Raleigh)|North Hills, North Carolina
* Northgate Mall (Durham)|Northgate Mall, North Carolina
* Northlake Mall (Charlotte)|Northlake Mall, North Carolina
* Oak Hollow Mall, North Carolina
* Randolph Mall, North Carolina
* Signal Hill Mall, North Carolina
* Southgate Mall (Elizabeth City)|Southgate Mall, North Carolina
* SouthPark Mall (Charlotte, North Carolina
* The Streets at Southpoint, North Carolina
* Triangle Town Center, North Carolina
* University Place (Chapel Hill, Chapel Hill
* Valley Hills Mall, North Carolina
* Columbia Mall (Grand Forks)|Columbia Mall, North Dakota
* Dakota Square Mall, North Dakota
* Gateway Fashion Mall, North Dakota
* Grand Cities Mall, North Dakota
* Kirkwood Mall, North Dakota
* West Acres Shopping Center, North Dakota
* Ashtabula Towne Square, Ohio
* Beachwood Place, Ohio
* Belden Village Mall, Ohio
* Chapel Hill Mall, Ohio
* Colony Square Mall, Ohio
* Columbus City Center, Ohio
* Crocker Park, Ohio
* Dayton Mall, Ohio
* Eastgate Mall (Cincinnati)|Eastgate Mall, Ohio
* Eastland Mall (Columbus, Ohio
* Easton Town Center, Ohio
* Eastwood Mall, Ohio
* Euclid Square Mall, Ohio
* Findlay Village Mall, Ohio
* Forest Fair Village, Ohio
* Fort Steuben Mall, Ohio
* Franklin Park Mall, Ohio
* Galleria at Erieview, Ohio
* Great Lakes Mall, Ohio
* Great Northern Mall (Ohio)|Great Northern Mall, Ohio
* The Greene Town Center|Greene Town Center, Ohio
* Indian Mound Mall, Ohio
* Kenwood Towne Centre, Ohio
* Kingsdale Shopping Center, Ohio
* Legacy Village, Ohio
* Lima Mall, Ohio
* The Mall at Fairfield Commons|Mall at Fairfield Commons, Ohio
* The Mall at Tuttle Crossing|Mall at Tuttle Crossing, Ohio
* Miami Valley Centre Mall, Ohio
* Midway Mall, Ohio
* North Towne Square, Ohio
* Northgate Mall (Ohio)|Northgate Mall, Ohio
* Northland Mall, Ohio
* Ohio Valley Mall, Ohio
*Ohio Station Outlets - Burbank, Ohio
* Polaris Fashion Place, Ohio
* Randall Park Mall, Ohio
* Richland Mall (Ohio)|Richland Mall, Ohio
* Richmond Town Square, Ohio
* River Valley Mall, Ohio
* Rolling Acres Mall, Ohio
* Sandusky Mall, Ohio
* The Shops at Fallen Timbers|Shops at Fallen Timbers, Ohio
* The Shoppes at Parma|Shoppes at Parma, Ohio
* Southern Park Mall, Ohio
* SouthPark Mall (Strongsville, Ohio
* Summit Mall, Ohio
* Tower City Center, Ohio
* Town and Country Shopping Center (Kettering)|Town and Country Shopping Center, Ohio
* Tri-County Mall, Ohio
* Upper Valley Mall, Ohio
* Westgate Mall (Fairview Park)|Westgate Mall, Ohio
* Westland Mall (Columbus)|Westland Mall, Ohio
* Woodville Mall, Ohio
* Arrowhead Mall, Oklahoma
* Central Mall (Lawton, Oklahoma
* Outlet Shoppes at Oklahoma City, Oklahoma
* Penn Square Mall, Oklahoma
* Plaza Mayor (Oklahoma)|Plaza Mayor at the Crossroads, Oklahoma
* Quail Springs Mall, Oklahoma
* Shawnee Mall, Oklahoma
* NorthPark Mall (Oklahoma)|The Shoppes at Northpark, Oklahoma
* Sooner Mall, Oklahoma
* Tulsa Promenade, Oklahoma
* Utica Square, Oklahoma
* Washington Park Mall, Oklahoma
* Woodland Hills Mall, Oklahoma
*Las Catalinas Mall, Puerto Rico
*The Mall of San Juan|Mall of San Juan, Puerto Rico
*Mayagüez Mall, Puerto Rico
*Plaza Carolina, Puerto Rico
*Plaza del Carmen Mall, Puerto Rico
*Plaza del Caribe, Puerto Rico
*Plaza del Norte, Puerto Rico
*Plaza del Sol (Puerto Rico)|Plaza del Sol, Puerto Rico
*Plaza Las Américas, Puerto Rico
*Plaza Rio Hondo, Puerto Rico
*San Patricio Plaza, Puerto Rico
*Santa Rosa Mall (Puerto Rico)|Santa Rosa Mall, Puerto Rico
* Providence Place, Rhode Island
* Rhode Island Mall, Rhode Island
* Warwick Mall, Rhode Island
* Westminster Arcade, Rhode Island
* Citadel Mall (Charleston,South Carolina
* Coastal Grand Mall, South Carolina
* Columbia Place Mall|Columbia Place, South Carolina
* Columbiana Centre, South Carolina
* Dutch Square, South Carolina
* Haywood Mall, South Carolina
* Inlet Square Mall, South Carolina
* Magnolia Mall, South Carolina
* Magnolia Park Town Center, South Carolina
* Myrtle Beach Mall, South Carolina
* Myrtle Square Mall, South Carolina
* Northwoods Mall (North Charleston, South Carolina
* Prince of Orange Mall, South Carolina
* Richland Mall (South Carolina)|Richland Mall, South Carolina
* Rock Hill Galleria, South Carolina
* Shelter Cove Towne Centre, South Carolina
* The Village at Sandhill, South Carolina
* Westgate Mall (Spartanburg)|Westgate Mall, South Carolina
* Empire Mall, South Dakota
* Rushmore Mall, South Dakota
* 100 Oaks Mall, Tennessee
* The Avenue Murfreesboro, Tennessee
* Bellevue Center, Tennessee
* Bradley Square Mall, Tennessee
* Carriage Crossing, Tennessee
* College Square Mall, Tennessee
* Columbia Mall (Tennessee)|Columbia Mall, Tennessee
* CoolSprings Galleria, Tennessee
* Foothills Mall (Tennessee)|Foothills Mall, Tennessee
* Fort Henry Mall (formerly Kingsport Town Center), Tennessee
* Global Mall at the Crossings (formerly Hickory Hollow Mall), Tennessee
* Governor's Square Mall, Tennessee
* Greeneville Commons, Tennessee
* Hamilton Place (shopping mall)|Hamilton Place, Tennessee
* Harding Mall, Tennessee
* Hickory Ridge Mall, Tennessee
* Indian Lake Village, Tennessee
* Knoxville Center, Tennessee
* The Mall at Green Hills, Tennessee
* The Mall at Johnson City, Tennessee
* Mall of Memphis, Tennessee
* Northgate Mall (Chattanooga)|Northgate Mall, Tennessee
* Oak Court Mall, Tennessee
* Oak Ridge City Center, Tennessee
* Old Hickory Mall, Tennessee
* Opry Mills, Tennessee
* Peabody Place (Memphis, Tennessee
* Raleigh Springs Mall, Tennessee
* Rivergate Mall, Tennessee
* Shops of Saddle Creek, Tennessee
* Southland Mall (Memphis, Memphis
* Stones River Mall, Tennessee
* Turkey Creek (Tennessee)|Turkey Creek, Tennessee
* West Town Mall, Tennessee
* Wolfchase Galleria, Tennessee
* Cache Valley Mall, Utah
* City Creek Center, Utah
* Fashion Place, Utah
* The Gateway (Salt Lake City)|The Gateway, Utah
* Jordan Landing, Utah
* Layton Hills Mall, Utah
* Newgate Mall, Utah
* Provo Towne Centre, Utah
* Red Cliffs Mall, Utah
* The Shops at Riverwoods|Shops at Riverwoods, Utah
* South Towne Center, Utah
* Station Park (Farmington, Utah
* Trolley Square, Utah
* University Mall (Orem, Utah
* Valley Fair Mall (West Valley City, Utah
* Berlin Mall, Vermont
* Burlington Town Center, Vermont
* Church Street Marketplace, Vermont
* Diamond Run Mall, Vermont
* Green Mountain Mall, Vermont
* University Mall (South Burlington, Vermont
* Apple Blossom Mall, Virginia
* Ballston Quarter, Virginia
* Bristol Mall, Virginia
* Central Park (shopping complex)|Central Park, Virginia
* Charlottesville Fashion Square, Virginia
* Chesapeake Square, Virginia
* Chesterfield Towne Center, Virginia
* Danville Mall, Virginia
* Dulles Town Center, Virginia
* Eden Center, Virginia
* Fair Oaks Mall, Virginia
* Fashion Centre at Pentagon City, Virginia
* Greenbrier Mall, Virginia
* Landmark Mall, Virginia
* Lynnhaven Mall, Virginia
* Market Common Clarendon - Arlington County, Virginia
* Military Circle Mall&nbsp;-Norfolk, Virginia
* MacArthur Center, Virginia
* Manassas Mall&nbsp;- Manassas, Virginia
* New River Valley Mall, Virginia
* Norfolk Premium Outlets, Virginia
* Patrick Henry Mall, Virginia
* Pembroke Mall, Virginia
* Peninsula Town Center, Virginia
* Potomac Mills, Virginia
* Regency Square, Virginia
* The Shops at Willow Lawn, Virginia
* Short Pump Town Center, Virginia
* Southpark Mall (Colonial Heights, Virginia
* Spotsylvania Towne Centre, Virginia
* Springfield Mall (Virginia)|Springfield Mall, Virginia
* Staunton Mall, Virginia
* Stony Point Fashion Park, Virginia
* Tanglewood Mall, Virginia
* Tysons Corner Center, Virginia
* Tysons Galleria, Virginia
* Valley Mall (Harrisonburg)|Valley Mall, Virginia
* Valley View Mall (Roanoke, Virginia
* The Village at Shirlington - Arlington County, Virginia
* Virginia Center Commons, Virginia
* Williamsburg Premium Outlets, Virginia
* Alderwood Mall, Washington
* Bellevue Square, Washington
* Bellis Fair Mall&nbsp;- Bellingham, Washington
* Capital Mall, Washington
* Cascade Mall, Washington
* Columbia Center Mall, Washington
* The Commons at Federal Way|Commons at Federal Way, Washington
* Everett Mall, Washington
* Factoria Mall, Washington
* Kitsap Mall, Washington
* Lakewood Towne Center, Washington
* Northgate Mall (Seattle)|Northgate Mall, Washington
* NorthTown Mall (Spokane, Washington
* Omache Shopping Center, Washington
* The Outlet Collection Seattle|Outlet Collection Seattle, Washington
* Pacific Place (Seattle)|Pacific Place, Washington
* River Park Square, Washington
* South Hill Mall, Washington
* Spokane Valley Mall, Washington
* Tacoma Mall, Washington
* University Village, Washington
* Vancouver Mall, Washington
* The Village at Totem Lake|Village at Totem Lake, Washington
* Wenatchee Valley Mall, Washington
* Westfield Southcenter, Washington
* Westlake Center, Washington
* Charleston Town Center, West Virginia
* Foxcroft Towne Center at Martinsburg, West Virginia
* Grand Central Mall, West Virginia
* The Highlands (Wheeling, West Virginia
* Huntington Mall, West Virginia
* Meadowbrook Mall, West Virginia
* Mercer Mall, West Virginia
* Pullman Square, West Virginia
* Bay Park Square, Wisconsin
* Bayshore Town Center, Wisconsin
* Brookfield Square, Wisconsin
*Forest mall-Fond Du Lac, Wisconsin
* East Town Mall, Wisconsin
* East Towne Mall, Wisconsin
* Fox River Mall, Wisconsin
* Hilldale Shopping Center, Wisconsin
* Janesville Mall, Wisconsin
* Mayfair Mall, Wisconsin
* Northland Mall (Appleton, Wisconsin
* Oakwood Mall, Wisconsin
* Regency Mall (Racine)|Regency Mall, Wisconsin
* Shops of Grand Avenue, Wisconsin
* Southridge Mall (Wisconsin)|Southridge Mall, Wisconsin
* Valley Fair Shopping Center, Wisconsin
* Valley View Mall (La Crosse, Wisconsin
* Wausau Center, Wisconsin
* West Towne Mall, Wisconsin
* Eastridge Mall (Casper)|Eastridge Mall, Wisconsin
* Frontier Mall, Wisconsin
* White Mountain Mall, Wisconsin
