zoo_name,state
"Alabama Gulf Coast Zoo, Gulf Shores",Alabama
"Alabama Safari Park, Hope Hull",Alabama
"Birmingham Zoo, Birmingham",Alabama
"Harmony Park Safari, Huntsville",Alabama
"Montgomery Zoo, Montgomery",Alabama
"Alaska Wildlife Conservation Center, Portage",Alaska
"Alaska Zoo, Anchorage",Alaska
"Arizona-Sonora Desert Museum, Tucson",Arizona
"Bearizona Wildlife Park, Williams",Arizona
"Heritage Park Zoological Sanctuary, Prescott",Arizona
"Keepers of the Wild, Valentine",Arizona
"Navajo Nation Zoological and Botanical Park, Window Rock",Arizona
"Out of Africa Wildlife Park, Camp Verde",Arizona
"Phoenix Zoo, Phoenix",Arizona
"Reid Park Zoo, Tucson",Arizona
"Wildlife World Zoo, Litchfield Park",Arizona
"Arkansas Alligator Farm and Petting Zoo, Hot Springs",Arkansas
"Big Bear Alpine Zoo, Big Bear Lake",California
"California Living Museum, Bakersfield",California
"California Science Center, Los Angeles",California
"Charles Paddock Zoo, Atascadero",California
"CuriOdyssey, San Mateo",California
"Farm Sanctuary's Animal Acres, Acton",California
"Folsom City Zoo Sanctuary, Folsom",California
"Fresno Chaffee Zoo, Fresno",California
"Happy Hollow Park & Zoo, San Jose",California
"Living Coast Discovery Center, Chula Vista[2]",California
"Living Desert Zoo and Gardens, Palm Desert",California
"Los Angeles Zoo, Los Angeles",California
"Micke Grove Zoo, Lodi",California
"Oakland Zoo, Oakland",California
"Orange County Zoo, Orange",California
"Pacific Marine Mammal Center, Laguna Beach",California
"Sacramento Zoo, Sacramento",California
"Safari West, Santa Rosa",California
"San Diego Zoo, San Diego",California
"San Diego Zoo Safari Park, Escondido",California
"San Francisco Zoo, San Francisco",California
"Santa Ana Zoo, Santa Ana",California
"Santa Barbara Zoo, Santa Barbara",California
"Sequoia Park Zoo, Eureka",California
"Shambala Preserve, Acton",California
"Butterfly Pavilion, Westminster",Colarado
"Cheyenne Mountain Zoo, Colorado Springs",Colarado
"Colorado Gators Reptile Park, Mosca",Colarado
"Denver Zoo, Denver",Colarado
"Mission: Wolf, Westcliffe",Colarado
"Nature and Wildlife Discovery Center, Pueblo",Colarado
"Pueblo Zoo, Pueblo",Colarado
"The Wild Animal Sanctuary, Keenesburg",Colarado
"W.O.L.F Sanctuary, Bellvue",Colarado
"Beardsley Zoo, Bridgeport",Connecticut
"LEO Zoological Conservation Center, Greenwich and Stamford",Connecticut
"Livingston Ripley Waterfowl Conservancy,[3] Litchfield",Connecticut
"3 Palms Zoo & Education Center, Clayton",Delaware
"Brandywine Zoo, Wilmington",Delaware
"National Zoological Park, Washington, D.C.",Washington DC
"Big Cat Rescue, Tampa",Florida
"Brevard Zoo, Melbourne",Florida
"Busch Gardens Tampa, Tampa",Florida
"Butterfly World, Coconut Creek",Florida
"Center for Great Apes, Wauchula",Florida
"Central Florida Zoo and Botanical Gardens, Sanford",Florida
"Dade City's Wild Things, Dade City[4]",Florida
"Disney's Animal Kingdom, Bay Lake",Florida
"Flamingo Gardens, Fort Lauderdale",Florida
"Gatorland, Orlando",Florida
"Good Earth Farm, Loxahatchee",Florida
"Gulf Breeze Zoo, Gulf Breeze",Florida
"Homosassa Springs Wildlife State Park, Homosassa Springs",Florida
"Jacksonville Zoo and Gardens, Jacksonville",Florida
"Jungle Island, Miami",Florida
"Key West Butterfly and Nature Conservatory, Key West",Florida
"Lion Country Safari, Loxahatchee",Florida
"Monkey Jungle, Miami",Florida
"Naples Zoo, Naples",Florida
"Palm Beach Zoo, West Palm Beach",Florida
"Reptile World Serpentarium, St. Cloud[5]",Florida
"Santa Fe College Teaching Zoo, Gainesville",Florida
"Sarasota Jungle Gardens, Sarasota",Florida
"St. Augustine Alligator Farm Zoological Park, St. Augustine Beach",Florida
"Suncoast Primate Sanctuary, Palm Harbor",Florida
"Tallahassee Museum, Tallahassee",Florida
"White Oak Conservation, Yulee",Florida
"Zoo Miami (Miami-Dade Zoological Park and Gardens), Miami",Florida
"Zoological Wildlife Foundation, Miami",Florida
"ZooTampa at Lowry Park, Tampa",Florida
"ZooWorld, Panama City Beach[6]",Florida
"Chehaw Park, Albany",Georgia
"Dewar Wildlife Trust, Morganton [7]",Georgia
"Kangaroo Conservation Center, Dawsonville",Georgia
"North Georgia Zoo and Petting Farm, Cleveland [8]",Georgia
"Oatland Island Wildlife Center of Savannah, Savannah",Georgia
"Pine Mountain Wild Animal Safari, Pine Mountain",Georgia
"Wild Adventures, Valdosta",Georgia
"Zoo Atlanta, Atlanta",Georgia
"Honolulu Zoo, Honolulu",Hawaii
"Pana'ewa Rainforest Zoo, Hilo",Hawaii
"Zoo Idaho, Pocatello",Idaho
"Idaho Falls Zoo at Tautphaus Park, Idaho Falls",Idaho
"Zoo Boise, Boise",Idaho
"World Center for Birds of Prey, Boise",Idaho
"Yellowstone Bear World, Rexburg",Idaho
"Brookfield Zoo, Brookfield",Illinois
"Brown's Oakridge Zoo, Smithfield",Illinois
"Cosley Zoo, Wheaton",Illinois
"Henson Robinson Zoo, Springfield",Illinois
"Lincoln Park Zoo, Chicago",Illinois
"Miller Park Zoo, Bloomington",Illinois
"Niabi Zoo, Coal Valley",Illinois
"Peoria Zoo, Peoria",Illinois
"Phillips Park Zoo, Aurora",Illinois
"Randall Oaks Zoo, West Dundee",Illinois
"Santa's Village AZoosment Park, West Dundee",Illinois
"Scovill Zoo, Decatur",Illinois
"Summerfield Zoo, Belvidere",Illinois
"Wildlife Prairie Park, Hanna City",Illinois
"Black Pine Animal Sanctuary, Albion",Indiana
"Columbian Park Zoo, Lafayette",Indiana
"Fort Wayne Children's Zoo, Fort Wayne",Indiana
"Indianapolis Zoo, Indianapolis",Indiana
"Maple Lane Wildlife Farm, Topeka",Indiana
"Mesker Park Zoo, Evansville",Indiana
"Potawatomi Zoo, South Bend",Indiana
"Washington Park Zoo, Michigan City",Indiana
"Wolf Park, Battle Ground",Indiana
"Blank Park Zoo, Des Moines",Iowa
"Storybook Hill Children's Zoo, Dubuque[9]",Iowa
"Cedar Cove Feline Conservatory & Sanctuary, Louisburg[10]",Kansas
"Clay Center Zoo, Clay Center",Kansas
"David Traylor Zoo of Emporia, Emporia",Kansas
"Eagle Valley Raptor Center, Garden Plain[11]",Kansas
"Great Bend Zoo, Great Bend[12]",Kansas
"Hedrick's Exotic Animal Farm, Nickerson[13]",Kansas
"Hutchinson Zoo, Hutchinson",Kansas
"Insect Zoo at Kansas State, Manhattan[14]",Kansas
"Lee Richardson Zoo, Garden City",Kansas
"Prairie Park Nature Center, Lawrence[15]",Kansas
"Ralph Mitchell Zoo, Independence",Kansas
"Rolling Hills Zoo, Salina",Kansas
"Safari Zoological Park, Caney[16]",Kansas
"Sedgwick County Zoo, Wichita",Kansas
"Sunset Zoo, Manhattan",Kansas
"Tanganyika Wildlife Park, Goddard[17]",Kansas
"Topeka Zoo, Topeka",Kansas
"Wright Park Zoo, Dodge City",Kansas
"Kentucky Down Under, Horse Cave",Kentucky
"Kentucky Reptile Zoo, Slade",Kentucky
"Louisville Zoo, Louisville",Kentucky
"Salato Wildlife Center, Frankfort",Kentucky
Kentucky Horse Park- Lexington,Kentucky
"Alexandria Zoological Park, Alexandria",Louisiana
"Audubon Insectarium, New Orleans",Louisiana
"Audubon Zoo, New Orleans",Louisiana
"Baton Rouge Zoo, Baton Rouge",Louisiana
"Global Wildlife Center, Folsom",Louisiana
"Gone Wild Safari, Pineville",Louisiana
"High Delta Safari Park, Delhi",Louisiana
"Louisiana Purchase Gardens and Zoo, Monroe",Louisiana
"Zoosiana, Lafayette",Louisiana
"Maine Wildlife Park, Gray",Maine
"York's Wild Kingdom Zoo, York Beach",Maine
"Catoctin Wildlife Preserve and Zoo, Thurmont[18]",Maryland
"The Maryland Zoo in Baltimore, Baltimore",Maryland
"Plumpton Park Zoo, Rising Sun",Maryland
"Tri-State Zoological Park, Cumberland",Maryland
"Salisbury Zoo, Salisbury",Maryland
"Animal Adventures, Bolton",Massachusetts
"The Butterfly Place, Westford",Massachusetts
"Buttonwood Park Zoo, New Bedford",Massachusetts
"Capron Park Zoo, Attleboro",Massachusetts
"Christenson Zoo, Florence",Massachusetts
"Drumlin Farm, Lincoln [19]",Massachusetts
"Franklin Park Zoo, Boston",Massachusetts
"Lupa Zoo, Ludlow",Massachusetts
"Museum of Science, Boston",Massachusetts
"Southwick's Zoo, Mendon",Massachusetts
"Stone Zoo, Stoneham",Massachusetts
"Wolf Hollow, Ipswich [20]",Massachusetts
"The Zoo in Forest Park, Springfield[21]",Massachusetts
"Belle Isle Nature Zoo, Detroit",Michigan
"Binder Park Zoo, Battle Creek",Michigan
"Children's Zoo at Celebration Square, Saginaw",Michigan
"Detroit Zoo, Royal Oak",Michigan
"DeYoung Family Zoo, Wallace",Michigan
"Garlyn Zoo, Naubinway",Michigan
"Indian Creek Zoo, Lambertville",Michigan
"John Ball Zoological Garden, Grand Rapids",Michigan
"Oswald's Bear Ranch, Newberry",Michigan
"Potter Park Zoo, Lansing",Michigan
"Roscommon Zoo, Roscommon",Michigan
"Wilderness Trails Zoo, Birch Run",Michigan
"Como Park Zoo and Conservatory, Saint Paul",Minnesota
"Hemker Park & Zoo, Freeport",Minnesota
"Lake Superior Zoo, Duluth[22]",Minnesota
"Minnesota Zoo, Apple Valley",Minnesota
"Pine Grove Zoo, Little Falls",Minnesota
"Reptile And Amphibian Discovery Zoo, Owatonna",Minnesota
"Safari North Wildlife Park, Brainerd",Minnesota
"Zollman Zoo, near Byron (a part of Oxbow Park)[23]",Minnesota
"Trowbridge Creek Zoo, Vergas",Minnesota
"Collins Zoo, Collins",Mississippi
"Hattiesburg Zoo, Hattiesburg",Mississippi
"Jackson Zoo, Jackson",Mississippi
"Tupelo Buffalo Park and Zoo, Tupelo",Mississippi
"Dickerson Park Zoo, Springfield",Missouri
"Endangered Wolf Center, Tyson Research Center",Missouri
"Grant's Farm, St. Louis",Missouri
"Kansas City Zoo, Kansas City",Missouri
"Monsanto Insectarium, St. Louis",Missouri
"Promised Land Zoo, Eagle Rock and Branson",Missouri
"Saint Louis Zoo, St. Louis",Missouri
"Wonders of Wildlife Museum & Aquarium, Springfield",Missouri
"World Bird Sanctuary, Valley Park",Missouri
"Grizzly & Wolf Discovery Center, West Yellowstone",Montana
"Montana Grizzly Encounter, Bozeman",Montana
"Raptors of the Rockies, Bitterroot Mountains[24]",Montana
"Wolf Keep Wildlife Sanctuary, Missoula",Montana
"Yellowstone Wildlife Sanctuary, Red Lodge",Montana
"ZooMontana, Billings",Montana
"Henry Doorly Zoo and Aquarium, Omaha",Nebraska
"Lee G. Simmons Conservation Park and Wildlife Safari, Ashland",Nebraska
"Lincoln Children's Zoo, Lincoln",Nebraska
"McRoberts Game Farm, Gurley",Nebraska
"Pioneers Park Nature Center, Lincoln",Nebraska
"Riverside Park and Zoo, Scottsbluff",Nebraska
"Siegfried & Roy's Secret Garden & Dolphin Habitat, Las Vegas",Nevada
"Sierra Safari Zoo, Reno",Nevada
"Charmingfare Farm, Candia[25]",New Hampshire
"Squam Lakes Natural Science Center, Holderness",New Hampshire
"Bergen County Zoological Park, Paramus",New Jersey
"Cape May County Park & Zoo, Cape May Court House",New Jersey
"Cohanzick Zoo, Bridgeton",New Jersey
"Popcorn Park Zoo, Forked River",New Jersey
"Six Flags Great Adventure, Jackson",New Jersey
"Space Farms Zoo and Museum, Beemerville",New Jersey
"Turtle Back Zoo, West Orange",New Jersey
"Alameda Park Zoo, Alamogordo",New Mexico
"Albuquerque Biological Park, Albuquerque",New Mexico
"American International Rattlesnake Museum, Albuquerque",New Mexico
"Hillcrest Park and Zoo, Clovis [26]",New Mexico
"Living Desert Zoo and Gardens State Park, Carlsbad",New Mexico
"Rio Grande Zoo, Albuquerque",New Mexico
"Spring River Zoo, Roswell[27]",New Mexico
"Wild Spirit Wolf Sanctuary, Candy Kitchen",New Mexico
"Wildlife West Nature Park, Edgewood",New Mexico
"Adirondack Animal Land, Gloversville",New York
"Animal Adventure Park, Harpursville",New York
"Trailside Museums & Zoo at Bear Mountain State Park, Stony Point",New York
"Binghamton Zoo at Ross Park, Binghamton",New York
"Bronx Zoo, New York City (The Bronx)",New York
"Buffalo Zoo, Buffalo",New York
"Catskill Game Farm, Catskill",New York
"Central Park Zoo, New York City (Manhattan)",New York
"Fort Rickey Discovery Zoo, Rome",New York
"Long Island Game Farm, Manorville",New York
"New York State Living Museum, Watertown",New York
"Prospect Park Zoo, New York City (Brooklyn)",New York
"Queens Zoo, New York City (Queens)",New York
"Rosamond Gifford Zoo, Syracuse",New York
"Seneca Park Zoo, Rochester",New York
"Staten Island Zoo, New York City (Staten Island)",New York
"Trevor Zoo, Millbrook",New York
"Utica Zoo, Utica",New York
"White Post Farms, Melville",New York
"Aloha Safari Zoo, Cameron[28]",North Carolina
"Carolina Raptor Center, Huntersville[29]",North Carolina
"Carolina Tiger Rescue, Pittsboro",North Carolina
"Cold Blooded Encounters, Troutman[30]",North Carolina
"Conservators' Center, Burlington",North Carolina
"Duke Lemur Center, Durham",North Carolina
"Grandfather Mountain, Linville",North Carolina
"Greensboro Science Center, Greensboro",North Carolina
"Museum of Life and Science, Durham",North Carolina
"North Carolina Zoo, Asheboro",North Carolina
"Tregembo Animal Park, Wilmington",North Carolina
"Western North Carolina Nature Center, Asheville",North Carolina
"Zootastic Park, Troutman",North Carolina
"Chahinkapa Zoo, Wahpeton",North Dakota
"Dakota Zoo, Bismarck",North Dakota
"Red River Zoo, Fargo",North Dakota
"Roosevelt Park Zoo, Minot",North Dakota
"African Safari Wildlife Park, Port Clinton",Ohio
"Akron Zoo, Akron",Ohio
"Bird Nerds Rescue and Sanctuary, East Canton",Ohio
"Boonshoft Museum of Discovery, Dayton",Ohio
"Cincinnati Zoo and Botanical Garden, Cincinnati",Ohio
"Cleveland Metroparks Zoo, Cleveland",Ohio
"Columbus Zoo and Aquarium, Columbus",Ohio
"The Farm at Walnut Creek, Walnut Creek",Ohio
"Horsefeathers Farm, Clarksville",Ohio
"Kalahari Resorts, Sandusky",Ohio
"Lagoon Deer Park, Sandusky",Ohio
"Noah's Lost Ark Animal Sanctuary, Berlin Center",Ohio
"Toledo Zoo, Toledo",Ohio
"Wagon Trails Animal Park, Vienna",Ohio
"The Wilds, Cumberland",Ohio
"Greater Wynnewood Exotic Animal Park, Wynnewood",Oklahoma
"Oklahoma City Zoo and Botanical Garden, Oklahoma City",Oklahoma
"Tulsa Zoo and Living Museum, Tulsa",Oklahoma
"Cascades Raptor Center, Eugene",Oregon
"Chimps Inc., Bend",Oregon
"Great Cats World Park, Cave Junction",Oregon
"International Reptile Rescue, Canby",Oregon
"Oregon Zoo, Portland",Oregon
"Sea Lion Caves, Florence",Oregon
"West Coast Game Park Safari, Bandon",Oregon
"Wildlife Safari, Winston",Oregon
"Artisan Alpacas , Dushore",Pennsylvania
"Claws-n-Paws Wild Animal Park, Lake Ariel",Pennsylvania
"Clyde Peeling's Reptiland, Allenwood",Pennsylvania
"Critter Country Animal Farm, Smithton",Pennsylvania
"Elmwood Park Zoo, Norristown",Pennsylvania
"Erie Zoo, Erie",Pennsylvania
Forest Glen Alpacas- Titusville,Pennsylvania
"Insectarium, Philadelphia",Pennsylvania
"Keystone Safari Adventures, Grove City",Pennsylvania
"Lake Tobias Wildlife Park, Halifax",Pennsylvania
"Lehigh Valley Zoo, Schnecksville",Pennsylvania
"Living Treasures Wild Animal Park, New Castle and Jones Mills",Pennsylvania
"National Aviary, Pittsburgh",Pennsylvania
"Philadelphia Zoo, Philadelphia",Pennsylvania
"Pittsburgh Zoo & PPG Aquarium, Highland Park",Pennsylvania
"Pocono Snake and Animal Farm, East Stroudsburg",Pennsylvania
"Pymatuning Deer Park, Jamestown",Pennsylvania
"T & D's Cats of the World Wild Animal Refuge, Penns Creek",Pennsylvania
"Wolf Sanctuary of Pennsylvania, Lititz",Pennsylvania
"ZooAmerica, Hershey",Pennsylvania
"Daggett Farm Petting Zoo, Pawtucket",Rhode Island
"Roger Williams Park Zoo, Providence",Rhode Island
"Alligator Adventure, North Myrtle Beach",South Carolina
"Lowcountry Zoo at Brookgreen Gardens, Murrells Inlet",South Carolina
"Center for Birds of Prey, Awendaw[31]",South Carolina
"Charles Towne Landing, Charleston",South Carolina
"Greenville Zoo, Greenville",South Carolina
"HollyWild Animal Park, Inman",South Carolina
"Reptile Lagoon, Dillon",South Carolina
"Riverbanks Zoo, Columbia",South Carolina
"The Institute for Greatly Endangered and Rare Species (T.I.G.E.R.S.) Preservation Station, Myrtle Beach, South Carolina",South Carolina
"Bear Country USA, Rapid City",South Dakota
"Bramble Park Zoo, Watertown",South Dakota
"Great Plains Zoo and Delbridge Museum, Sioux Falls",South Dakota
"Old MacDonald's Farm, Rapid City",South Dakota
"Reptile Gardens, Rapid City",South Dakota
"Brights Zoo, Limestone",Tennessee
"Chattanooga Zoo at Warner Park, Chattanooga",Tennessee
"The Elephant Sanctuary, Hohenwald",Tennessee
"Memphis Zoo, Memphis",Tennessee
"Nashville Zoo at Grassmere, Nashville",Tennessee
"Three Bears Exhibits, Pigeon Forge",Tennessee
"Zoo Knoxville, Knoxville",Tennessee
"Abilene Zoological Gardens, Abilene",Texas
"Amarillo Zoo, Amarillo[32]",Texas
"Austin Zoo, Austin",Texas
"Bear Creek Pioneers Park Wildlife Habitat/Aviary, Houston",Texas
"Caldwell Zoo, Tyler",Texas
"Cameron Park Zoo, Waco",Texas
"Crocodile Encounter, Angleton",Texas
"Capital of Texas Zoo, Cedar Creek[33]",Texas
"Dallas Zoo, Dallas",Texas
"East Texas Zoo and Gator Park, Grand Saline, Texas",Texas
"El Paso Zoo, El Paso",Texas
"Ellen Trout Zoo, Lufkin",Texas
"Fort Worth Zoo, Fort Worth",Texas
"Fossil Rim Wildlife Center, Glen Rose",Texas
"Frank Buck Zoo, Gainesville",Texas
"Gladys Porter Zoo, Brownsville",Texas
"Houston Zoo, Houston",Texas
"International Exotic Animal Sanctuary, Boyd[34]",Texas
"Moody Gardens, Galveston",Texas
"Natural Bridge Wildlife Ranch, New Braunfels",Texas
"San Antonio Zoo and Aquarium, San Antonio",Texas
"Sharkarosa Wildlife Ranch, Pilot Point[35]",Texas
"Texas Reptile Zoo, Bastrop[36]",Texas
"The Texas Zoo, Victoria[37]",Texas
"Tiger Creek Wildlife Refuge, Tyler[38]",Texas
"Wild Things Zoofari, Austin",Texas
"Hogle Zoo, Salt Lake City",Utah
"Tracy Aviary, Salt Lake City",Utah
"Wild Kingdom Train Zoo, Farmington",Utah
"Zootah, Logan",Utah
"ECHO, Leahy Center for Lake Champlain, Burlington",Vermont
"Vermont Institute of Natural Science, Quechee[39]",Vermont
"Bluebird Gap Farm, Hampton",Virginia
"Busch Gardens Williamsburg, Williamsburg",Virginia
"Creation Kingdom Zoo, Gate City",Virginia
"Fort Chiswell Animal Park, Wythe",Virginia
"Leesburg Animal Park, Leesburg",Virginia
"Luray Zoo, Luray",Virginia
"Maymont, Richmond",Virginia
"Metro Richmond Zoo, Richmond",Virginia
"Mill Mountain Zoo, Roanoke",Virginia
"Natural Bridge Zoo, Natural Bridge",Virginia
"Peninsula SPCA Exotic Sanctuary and Petting Zoo, Newport News",Virginia
"Roer's Zoofari, Reston",Virginia
"Virginia Living Museum, Newport News",Virginia
"Virginia Safari Park, Natural Bridge",Virginia
"Virginia Zoological Park, Norfolk",Virginia
"Wilson's Wild Animal Park, Winchester (closed 2019)",Virginia
"Cat Tales Zoological Park, Spokane",Washington
"Cougar Mountain Zoo, Issaquah",Washington
"Northwest Trek, Eatonville",Washington
"Olympic Game Farm, Sequim",Washington
"Point Defiance Zoo & Aquarium, Tacoma",Washington
"Wild Felid Advocacy Center, Shelton",Washington
"Wolf Haven International, Tanino",Washington
"Woodland Park Zoo, Seattle",Washington
"Good Zoo, Wheeling",West Virginia
"West Virginia State Wildlife Center, French Creek",West Virginia
"West Virginia Zoo, Kingwood",West Virginia
"Alligator Alley, Wisconsin Dells",Wisconsin
"Animal Haven Zoo, Weyauwega[40]",Wisconsin
"Bay Beach Wildlife Sanctuary, Green Bay[41]",Wisconsin
"Bear Den Zoo, Waterford[42]",Wisconsin
"Concord Zoo, Concord",Wisconsin
"Henry Vilas Zoo, Madison",Wisconsin
"International Crane Foundation, Baraboo",Wisconsin
"Irvine Park Zoo, Chippewa Falls[43]",Wisconsin
"Jo-Don Farms Incorporated, Franksville[44]",Wisconsin
"Lincoln Park Zoo, Manitowoc",Wisconsin
"Menominee Park Zoo, Oshkosh[45]",Wisconsin
"Milwaukee County Zoo, Milwaukee",Wisconsin
"Northeastern Wisconsin Zoo (NEW Zoo), Green Bay",Wisconsin
"Ochsner Zoo, Baraboo[46]",Wisconsin
"Racine Zoo, Racine",Wisconsin
"Shalom Wildlife Zoo, West Bend",Wisconsin
"Timbavati Wildlife Park, Wisconsin Dells[47]",Wisconsin
"Wilderness Walk, Hayward[48]",Wisconsin
"Wildwood Wildlife Park, Minocqua[49]",Wisconsin
"Wildwood Zoo, Marshfield[50]",Wisconsin
"Wisconsin Deer Park, Wisconsin Dells[51]",Wisconsin
"Wisconsin Rapids Municipal Zoo, Wisconsin Rapids[52]",Wisconsin
"Kindness Ranch Animal Sanctuary, Hartville",Wyoming
